Exception_type,LR_NO
BOOKING_ONLY,587492
BOOKING_ONLY,587493
BOOKING_ONLY,587490
BOOKING_ONLY,587491
BOOKING_ONLY,587489
BOOKING_ONLY,587494
BOOKING_ONLY,575829
BILLING_ONLY,577752
BILLING_ONLY,577866
BILLING_ONLY,576881
BILLING_ONLY,524513
BILLING_ONLY,574945
BILLING_ONLY,577753
BILLING_ONLY,577644
BILLING_ONLY,577798
BILLING_ONLY,577607
BILLING_ONLY,577802
BILLING_ONLY,577805
BILLING_ONLY,577772
BILLING_ONLY,577682
BILLING_ONLY,577809
BILLING_ONLY,577796
BILLING_ONLY,577709
BILLING_ONLY,577630
BILLING_ONLY,577755
BILLING_ONLY,577790
BILLING_ONLY,550489
BILLING_ONLY,577797
BILLING_ONLY,577739
BILLING_ONLY,574957
BILLING_ONLY,577813
BILLING_ONLY,572127
BILLING_ONLY,574989
BILLING_ONLY,572147
BILLING_ONLY,574956
BILLING_ONLY,574952
BILLING_ONLY,575494
BILLING_ONLY,549767
BILLING_ONLY,577828
BILLING_ONLY,577707
BILLING_ONLY,577678
BILLING_ONLY,524448
BILLING_ONLY,577804
BILLING_ONLY,577861
BILLING_ONLY,577770
BILLING_ONLY,575509
BILLING_ONLY,577800
BILLING_ONLY,577865
BILLING_ONLY,577791
BILLING_ONLY,574908
BILLING_ONLY,577700
BILLING_ONLY,577635
BILLING_ONLY,577776
BILLING_ONLY,565486
BILLING_ONLY,577614
BILLING_ONLY,577757
BILLING_ONLY,575358
BILLING_ONLY,577801
BILLING_ONLY,577675
BILLING_ONLY,570866
BILLING_ONLY,577858
BILLING_ONLY,577777
BILLING_ONLY,577664
BILLING_ONLY,577649
BILLING_ONLY,577808
BILLING_ONLY,577643
BILLING_ONLY,577856
BILLING_ONLY,574992
BILLING_ONLY,577673
BILLING_ONLY,577740
BILLING_ONLY,577815
BILLING_ONLY,577806
BILLING_ONLY,577769
BILLING_ONLY,574921
BILLING_ONLY,572126
BILLING_ONLY,572148
BILLING_ONLY,574907
BILLING_ONLY,577751
BILLING_ONLY,577639
BILLING_ONLY,577781
BILLING_ONLY,577766
BILLING_ONLY,574893
DUPLICATE_BILLING,577858
